Message Type,Count
Odometry,31
Twist,29
Image,29
PointCloud2,25
JointState,21
PoseStamped,20
String,19
Imu,19
-,16
LaserScan,14
Bool,13
Path,13
Marker,13
MarkerArray,12
TwistStamped,12
OccupancyGrid,10
NavSatFix,10
Joy,10
CameraInfo,10
PoseWithCovarianceStamped,9
Float32,9
Float64MultiArray,8
Vector3Stamped,7
Int32,6
PoseArray,6
TFMessage,6
JointTrajectory,6
MagneticField,5
BatteryState,5
Detection2DArray,5
TwistWithCovarianceStamped,4
CompressedImage,4
BoolStamped,4
Float64,4
DiagnosticArray,4
Trajectory,3
WrenchStamped,3
PlanningScene,3
PointStamped,3
GridMap,3
StringStamped,3
Status,3
PointCloud,3
Float32Stamped,3
Float64Stamped,3
Vector3,3
Float32MultiArray,3
Detection3DArray,3
Empty,3
PolygonStamped,3
Range,3
T,3
GearReport,2
VelocityReport,2
MessageType,2
Float32MultiArrayStamped,2
ProcessingTimeDetail,2
AccelWithCovarianceStamped,2
Int8,2
Pose,2
Clock,2
MetricArray,2
Packet,2
Motion,2
RawMotorCommand,2
RawData,2
RawCommand,2
TimeReference,2
MissionRemainingDistanceTime,2
PredictedObjects,2
MrmBehaviorStatus,2
Temperature,2
FluidPressure,2
MrmState,2
Message,2
GearCommand,2
MsgT,2
MessageT,2
VelocityLimitClearCommand,2
SteeringReport,2
VelocityLimit,2
OperationModeAvailability,2
HazardLightsCommand,2
TrackedObjects,2
TrafficLightArray,2
HazardLightsReport,2
Heartbeat,2
TrafficLightGroupArray,2
TrafficLightRoiArray,2
Engage,2
Emergency,2
DummyObject,2
DiagnosticStatus,2
DiagGraphStruct,2
DiagGraphStatus,2
DetectedObjectsWithFeature,2
DetectedObjects,2
TurnIndicatorsReport,2
InfrastructureCommandArray,2
Control,2
Int32Stamped,2
LaneletMapBin,2
LaneletRoute,2
GateMode,2
PublishedTime,2
PathWithLaneId,2
BoundingBoxes,2
Classification2D,2
MsgType,2
ModelStates,2
DisplayRobotState,2
LoadMap,2
Int16,2
JointJog,2
Octomap,2
QuaternionStamped,2
EStopStateArray,1
Detection3D,1
SystemState,1
ObjectArray,1
MetricsMessage,1
Illuminance,1
SteeringFactorArray,1
Steering,1
RuntimeState,1
Metadata,1
StopSpeedExceeded,1
FloatStamped,1
IMUInfo,1
Extrinsics,1
DisparityImage,1
PendulumTeleop,1
JointCommand,1
CanFrame,1
CloudInfo,1
TrafficSignalArray,1
TurnIndicatorsCommand,1
RrtPath,1
Masses,1
CameraRecognitionObjects,1
LBRJointPositionCommand,1
SimulationEvents,1
PenInkProperties,1
PlanningFactorArray,1
PlanningValidatorStatus,1
PointCloudMsgType,1
ToolDataMsg,1
IOStates,1
PoseCovStamped,1
SafetyMode,1
RobotMode,1
PoseWithCovariance,1
PoseWithUuidStamped,1
Topic,1
MyAdaptedType,1
PrimeMsgT,1
CmdType,1
M,1
LBRWrenchCommand,1
LBRTorqueCommand,1
RadarScan,1
RadarTracks,1
RerouteAvailability,1
ResourceUsageReport,1
RosMsgType<TypeIndex,1
RouteState,1
LBRState,1
SelectorModeMsg,1
ServiceLog,1
Egma,1
GoalPosition,1
CarlaWorldInfo,1
TwistCovStamped,1
ImuBias,1
EPDImageClassification,1
RobotMsg,1
CIOState,1
WiFiState,1
Scenario,1
EmergencyHoldingState,1
type,1
SystemFaultState,1
TMessage,1
TransitionEvent,1
SmaccStateMachine,1
SmaccStatus,1
SmaccTransitionLogEntry,1
LeverArm,1
FootStateArray,1
NavSatRef,1
Ncom,1
ControllerCommandMsg,1
ParticleArray,1
ControllerStateMsg,1
COData,1
xyz,1
ImageMsg,1
ImuMsg,1
ManipulatorState,1
BatteryStateArray,1
PowerState,1
BehaviorFaultState,1
EPDObjectDetection,1
DynamicObjectArray,1
TurnSignalStamped,1
MapHash,1
Salinity,1
DVL,1
UserDefinedValue,1
VehicleEmergencyStamped,1
VehicleOdometry,1
VelocityFactorArray,1
Accel,1
StateMachine,1
GraspTask,1
VirtualTrafficLightStateArray,1
BehaviorStatus,1
ControlHorizon,1
Lateral,1
DetectedObjectPose,1
FrankaRobotState,1
AckermannDriveStamped,1
Float64MultiArrayStamped,1
PointCloudMapMetaData,1
TrafficLightGroup,1
GnssInsOrientationStamped,1
Header,1
ControlCommandStamped,1
CustomMsg,1
EPDObjectTracking,1
CpuUsage,1
GearShiftStamped,1
EPDObjectLocalization,1
ControllerNMTStateMsg,1
ExternalTurnSignal,1
OutputType,1
FlightAnomaly,1
PerceptionCameraParameters,1
HmsInfoTable,1
GimbalStatus,1
GimbalRotation,1
GPSDetails,1
FlightStatus,1
EscData,1
RCConnectionStatus,1
DisplayMode,1
ControlMode,1
AccelStamped,1
ScoutStatus,1
ScoutLightCmd,1
MapData,1
PositionFused,1
RTKYaw,1
Environment,1
PointCloud2Msg,1
ButtonEvent,1
BumperEvent,1
LIDoutputstateMsg,1
LFErecMsg,1
NAVOdomVelocity,1
msgtype,1
ContactMode,1
RelativeObstacleInfo,1
BodyPlan,1
PolygonMesh,1
ComputePathToPoseResult,1
UInt8,1
UInt16,1
SingleBatteryInfo,1
EnvironmentState,1
ContactResultVector,1
ControllerInfo,1
GripperControl,1
GridCells,1
JointGroupCommand,1
ArmJoy,1
ContactsState,1
DobotAlarmCodes,1
GripperStatus,1
Int8Message,1
ParameterEvent,1
StringMessage,1
RangeData,1
OpinionMACMessage,1
DoubleMessage,1
OpinionMessage,1
ModelStatesStamped,1
ParticleCloud,1
AckermannDrive,1
SvrResponse,1
NavPVT,1
StaResponse,1
SctResponse,1
FeedbackState,1
GOObject,1
VehicleGlobalPosition,1
SensorGps,1
Sentence,1
Log,1
MycobotCoords,1
WebRtcReq,1
Go2State,1
Point2,1
Faces,1
LocobotJoy,1
CliffEvent,1
DigitalInputEvent,1
OutputT,1
ExternalControlCommand,1
HazardStatusStamped,1
HADMapBin,1
GeoPoseWithCovariance,1
Float32Array,1
ExternalHeartbeat,1
ExternalGearShift,1
ExpandStopRange,1
InputType,1
ErrorStamped,1
EngageMsg,1
DrivingMonitorStamped,1
DoorStatusArray,1
CooperateStatusArray,1
ControlValidatorStatus,1
InitializationState,1
InternalGearShift,1
CommandSourceMode,1
DebugInfo,1
OperationModeState,1
Objects,1
NewSignalArrayType,1
Msg3D,1
Msg2D,1
MotionState,1
ModeChangeAvailable,1
InternalHazardSignal,1
MetricArrayMsg,1
MRMState,1
LocalizationInitializationState,1
IsFilterActivated,1
InternalTurnSignal,1
InternalHeartbeat,1
ControlModeReport,1
ClusterMsgType,1
DigitalOutput,1
SensorState,1
OverrideRCIn,1
GeoPoseStamped,1
Int16MultiArray,1
WheelDropEvent,1
VersionInfo,1
Sound,1
RobotStateEvent,1
message_t,1
PowerSystemEvent,1
MotorPower,1
Led,1
KeyboardInput,1
ExternalPower,1
DockInfraRed,1
State,1
Map,1
Cloud2,1
ActuationStatusStamped,1
CalibrationStatus,1
AvoidanceDebugMsgArray,1
Availability,1
AutowareState,1
AutowareEngage,1
AutoModeStatus,1
ActuationCommandStamped,1
Barometer,1
Thrust,1
Teleop,1
Pid,1
Lights,1
Depth,1
CameraTilt,1
JoyCtrlCmds,1
